,nfm_losses,price_estimates_NF_16,price_estimates_NF_32,price_estimates_NF_64,price_estimates_NF_128,price_estimates_NF_256,price_estimates_NF_512,price_estimates_NF_1024,price_estimates_NF_2048,price_estimates_NF_4096,price_estimates_NF_8192,price_estimates_NF_16384,error_estimates_NF_16,error_estimates_NF_32,error_estimates_NF_64,error_estimates_NF_128,error_estimates_NF_256,error_estimates_NF_512,error_estimates_NF_1024,error_estimates_NF_2048,error_estimates_NF_4096,error_estimates_NF_8192,error_estimates_NF_16384,price_estimates_QMC_16,price_estimates_QMC_32,price_estimates_QMC_64,price_estimates_QMC_128,price_estimates_QMC_256,price_estimates_QMC_512,price_estimates_QMC_1024,price_estimates_QMC_2048,price_estimates_QMC_4096,price_estimates_QMC_8192,price_estimates_QMC_16384,error_estimates_QMC_16,error_estimates_QMC_32,error_estimates_QMC_64,error_estimates_QMC_128,error_estimates_QMC_256,error_estimates_QMC_512,error_estimates_QMC_1024,error_estimates_QMC_2048,error_estimates_QMC_4096,error_estimates_QMC_8192,error_estimates_QMC_16384
0,0.1454099111291054,3.6752127562519776,7.812270869579234,2.296533715835287,9.29925109208273,8.624315519535434,5.879658150926561,5.94616062019478,7.386901485824935,7.63301181572915,7.314753080465726,7.324536283609888,6.08738561440794,10.661305624692272,2.546206611794761,8.247015558285534,9.94098461471348,2.5747813907360597,2.0869172516683165,2.0618019449099054,1.3693532002735496,0.8497742757650648,0.5150253127617213,0.060740656564312136,0.11206146662865889,5.898920504606314,4.549495358603704,9.336427877079094,7.822959352550814,7.3278319537924625,7.489501574695177,7.4297811454133535,7.698943616692635,7.697739117028477,0.16401000455839448,0.3776410046819013,8.794904050260968,4.639481631552292,6.395145537419505,3.959356059647763,2.130707941337878,1.4680386110026065,0.8309899059624773,0.6967277574506515,0.4834224683948266
1,0.1454099111291054,5.90697693290572,0.8522537425471681,22.738906364538824,3.3256935036450597,5.73016979050206,6.260950655026597,8.250880673474834,7.47727557732674,5.956856006154293,7.178355991038258,7.493547620285372,11.464717234759386,1.2184892231232318,26.680427174110665,2.627183276921951,4.006805152579538,3.157681226929463,2.888535616492638,2.0207504764285735,0.7968077604543098,0.7304646794384991,0.4678828996221135,0.060740656564312136,0.11206146662865889,5.898920504606314,4.549495358603704,9.336427877079094,7.822959352550814,7.3278319537924625,7.489501574695177,7.4297811454133535,7.698943616692635,7.697739117028477,0.16401000455839448,0.3776410046819013,8.794904050260968,4.639481631552292,6.395145537419505,3.959356059647763,2.130707941337878,1.4680386110026065,0.8309899059624773,0.6967277574506515,0.4834224683948266
2,0.1454099111291054,0.6388369395000464,-0.5512864750793786,15.603250951971251,2.9782392677039744,6.281400770937133,6.546827827831761,9.385594956030408,7.3753584660596765,6.454571325043241,7.51392820663971,7.932046997137258,1.2949755144528161,1.0429768254521092,13.342144983842836,2.019844521474326,4.032119255575097,3.130257229877776,3.098735154568903,1.6084788626125965,0.9344273344085823,0.7683252468654421,0.4720533704755603,0.060740656564312136,0.11206146662865889,5.898920504606314,4.549495358603704,9.336427877079094,7.822959352550814,7.3278319537924625,7.489501574695177,7.4297811454133535,7.698943616692635,7.697739117028477,0.16401000455839448,0.3776410046819013,8.794904050260968,4.639481631552292,6.395145537419505,3.959356059647763,2.130707941337878,1.4680386110026065,0.8309899059624773,0.6967277574506515,0.4834224683948266
3,0.1454099111291054,39.175448896429025,11.60425627474569,0.43641884458742614,9.614878449786435,8.47665866215849,7.212814634446994,6.65775820034143,8.829397780957455,8.510033216405619,7.554341610027189,7.756869044177055,73.5754324485097,20.80404317619767,1.472379094715523,10.010937595191965,4.341040384699839,4.483983408961638,2.020535572210825,1.4393784362722652,1.0926296652708998,0.5960365962863404,0.47218986147792996,0.060740656564312136,0.11206146662865889,5.898920504606314,4.549495358603704,9.336427877079094,7.822959352550814,7.3278319537924625,7.489501574695177,7.4297811454133535,7.698943616692635,7.697739117028477,0.16401000455839448,0.3776410046819013,8.794904050260968,4.639481631552292,6.395145537419505,3.959356059647763,2.130707941337878,1.4680386110026065,0.8309899059624773,0.6967277574506515,0.4834224683948266
4,0.1454099111291054,,,,,,,,,,,,,,,,,,,,,,,0.060740656564312136,0.11206146662865889,5.898920504606314,4.549495358603704,9.336427877079094,7.822959352550814,7.3278319537924625,7.489501574695177,7.4297811454133535,7.698943616692635,7.697739117028477,0.16401000455839448,0.3776410046819013,8.794904050260968,4.639481631552292,6.395145537419505,3.959356059647763,2.130707941337878,1.4680386110026065,0.8309899059624773,0.6967277574506515,0.4834224683948266
5,0.1454099111291054,0.6679334880861253,0.7384582364136617,5.175602095891591,12.333650834472929,5.53645342708266,7.4361569265641565,5.8748614973696105,8.405363711530132,7.962943017437664,7.557158581442865,7.517357718820327,1.6792780826218188,0.9614182979247673,4.853296779906405,10.122480789428593,4.480929901332589,4.2834468418271126,1.737584803788884,2.1559130255710883,1.3754939413604534,0.8552348158483568,0.40293637618753403,0.060740656564312136,0.11206146662865889,5.898920504606314,4.549495358603704,9.336427877079094,7.822959352550814,7.3278319537924625,7.489501574695177,7.4297811454133535,7.698943616692635,7.697739117028477,0.16401000455839448,0.3776410046819013,8.794904050260968,4.639481631552292,6.395145537419505,3.959356059647763,2.130707941337878,1.4680386110026065,0.8309899059624773,0.6967277574506515,0.4834224683948266
6,0.1454099111291054,5.519832115688611,7.954735674951326,4.149531758500769,2.036731156417047,7.9933583179316,7.1162347829613015,7.954443132575545,8.70079324380722,7.376651349369049,7.330985955758971,7.670828140988669,6.986257968670225,11.095182189602351,6.691472317403538,2.203002381681051,4.354610052730854,3.4427774241467275,2.307047415503613,1.6284231823727748,0.6775437706018392,0.595080951291802,0.3911632936414529,0.060740656564312136,0.11206146662865889,5.898920504606314,4.549495358603704,9.336427877079094,7.822959352550814,7.3278319537924625,7.489501574695177,7.4297811454133535,7.698943616692635,7.697739117028477,0.16401000455839448,0.3776410046819013,8.794904050260968,4.639481631552292,6.395145537419505,3.959356059647763,2.130707941337878,1.4680386110026065,0.8309899059624773,0.6967277574506515,0.4834224683948266
7,0.1454099111291054,4.375834935797298,0.7278533520617214,0.6490548191108213,6.628125990823616,7.875313381849498,9.143813682761467,6.663963379577591,7.896847809988355,6.922030562651181,7.274917069581477,7.407768397420564,6.447306260146459,1.6758357822312013,1.2175207622612065,4.706589208478199,4.747445704427304,2.644507974875021,1.7605794777412944,1.3760224903636717,0.9493843928638858,0.6372414644998882,0.38872634320154875,0.060740656564312136,0.11206146662865889,5.898920504606314,4.549495358603704,9.336427877079094,7.822959352550814,7.3278319537924625,7.489501574695177,7.4297811454133535,7.698943616692635,7.697739117028477,0.16401000455839448,0.3776410046819013,8.794904050260968,4.639481631552292,6.395145537419505,3.959356059647763,2.130707941337878,1.4680386110026065,0.8309899059624773,0.6967277574506515,0.4834224683948266
8,0.1454099111291054,0.4812520514305752,2.456845680465898,7.5909361022301995,13.842721462020798,7.456680873722081,7.6419642563469985,9.31093020526441,7.427988757991631,8.515769517430133,7.517027554396511,8.269212262284258,1.0613483836250637,3.1432236282185766,10.116838454258561,12.97601355563981,7.189973630064845,3.673543481219758,3.3392280116040767,2.021914010454214,1.0353203880154072,0.7264632648609136,0.6801291626447097,0.060740656564312136,0.11206146662865889,5.898920504606314,4.549495358603704,9.336427877079094,7.822959352550814,7.3278319537924625,7.489501574695177,7.4297811454133535,7.698943616692635,7.697739117028477,0.16401000455839448,0.3776410046819013,8.794904050260968,4.639481631552292,6.395145537419505,3.959356059647763,2.130707941337878,1.4680386110026065,0.8309899059624773,0.6967277574506515,0.4834224683948266
9,0.1454099111291054,1.8575030882826546,0.23136530872083066,15.413414943143465,5.172610733335211,11.250772323875937,8.679272691011361,7.69586368110148,6.40649938868947,7.661208213985863,7.0068978645750315,7.821938038555994,3.9008212880394586,1.3849851250431797,17.658365662730283,5.062813513241373,7.19746613004517,3.9551543544367234,2.771313872930755,1.77536257637712,1.2200764766453978,0.7239284268131722,0.46834939759891014,0.060740656564312136,0.11206146662865889,5.898920504606314,4.549495358603704,9.336427877079094,7.822959352550814,7.3278319537924625,7.489501574695177,7.4297811454133535,7.698943616692635,7.697739117028477,0.16401000455839448,0.3776410046819013,8.794904050260968,4.639481631552292,6.395145537419505,3.959356059647763,2.130707941337878,1.4680386110026065,0.8309899059624773,0.6967277574506515,0.4834224683948266
10,0.1454099111291054,7.947242063575384,1.8760399329787303,6.87713260274511,9.523650103631837,9.033478727436139,7.544836397375939,6.079822885934804,6.827923082956903,6.757368483287802,7.535717207423157,7.280795257896386,15.357817822119026,2.0965835025081394,6.0807222712891384,7.541132946093615,6.281470006364115,2.709553443902435,2.506483195150274,1.274583542940185,0.7810144230678926,0.764590202872178,0.6608699685235018,0.060740656564312136,0.11206146662865889,5.898920504606314,4.549495358603704,9.336427877079094,7.822959352550814,7.3278319537924625,7.489501574695177,7.4297811454133535,7.698943616692635,7.697739117028477,0.16401000455839448,0.3776410046819013,8.794904050260968,4.639481631552292,6.395145537419505,3.959356059647763,2.130707941337878,1.4680386110026065,0.8309899059624773,0.6967277574506515,0.4834224683948266
11,0.1454099111291054,20.653952048781658,4.664641037884608,15.114782706701615,8.922657177093408,5.479291528144368,4.55513911306913,5.517279466583477,7.458664238186113,7.523713127723494,7.421023588644832,7.979275536751574,40.78127297482308,8.522542162783838,15.647003198425116,7.260817549422396,3.826107262775914,1.8945278327901443,1.6185599511659727,1.4584933607023858,0.9834715903021487,0.7938901197725186,0.5626816352331128,0.060740656564312136,0.11206146662865889,5.898920504606314,4.549495358603704,9.336427877079094,7.822959352550814,7.3278319537924625,7.489501574695177,7.4297811454133535,7.698943616692635,7.697739117028477,0.16401000455839448,0.3776410046819013,8.794904050260968,4.639481631552292,6.395145537419505,3.959356059647763,2.130707941337878,1.4680386110026065,0.8309899059624773,0.6967277574506515,0.4834224683948266
12,0.1454099111291054,,,,,,,,,,,,,,,,,,,,,,,0.060740656564312136,0.11206146662865889,5.898920504606314,4.549495358603704,9.336427877079094,7.822959352550814,7.3278319537924625,7.489501574695177,7.4297811454133535,7.698943616692635,7.697739117028477,0.16401000455839448,0.3776410046819013,8.794904050260968,4.639481631552292,6.395145537419505,3.959356059647763,2.130707941337878,1.4680386110026065,0.8309899059624773,0.6967277574506515,0.4834224683948266
13,0.1454099111291054,0.2800574339310848,28.09221968564052,0.836858804278814,2.1989019439682798,5.779352260353786,7.789662189769473,6.2358274347087095,8.92279670631523,7.793876953546248,8.23952569886092,7.438660290763872,3.157200593801277,46.89443303393354,1.2754276726432419,1.7375677006533352,4.084881550420231,3.3949717074986494,2.045334367100264,1.772745688752706,1.2926450968024334,0.5905930297076752,0.4547854656301736,0.060740656564312136,0.11206146662865889,5.898920504606314,4.549495358603704,9.336427877079094,7.822959352550814,7.3278319537924625,7.489501574695177,7.4297811454133535,7.698943616692635,7.697739117028477,0.16401000455839448,0.3776410046819013,8.794904050260968,4.639481631552292,6.395145537419505,3.959356059647763,2.130707941337878,1.4680386110026065,0.8309899059624773,0.6967277574506515,0.4834224683948266
14,0.1454099111291054,15.504024084566453,15.007543375922326,2.640710435970533,15.375484862579347,8.788384114250412,10.238746224004382,8.42597263667272,8.831732920480167,8.937638581660908,7.6765822173962395,7.312548747452871,18.396799424970858,19.232731069724963,3.3659972011853108,8.832161171553999,5.279459735156032,4.103098246321339,2.475227167986421,1.6535450303638255,0.9239116292679659,0.5990351440820244,0.37441223580426264,0.060740656564312136,0.11206146662865889,5.898920504606314,4.549495358603704,9.336427877079094,7.822959352550814,7.3278319537924625,7.489501574695177,7.4297811454133535,7.698943616692635,7.697739117028477,0.16401000455839448,0.3776410046819013,8.794904050260968,4.639481631552292,6.395145537419505,3.959356059647763,2.130707941337878,1.4680386110026065,0.8309899059624773,0.6967277574506515,0.4834224683948266
15,0.1454099111291054,1.4565842572386836,1.8240480117628417,0.6233675771678179,9.86612843951836,9.447026921092979,6.925820750669191,7.890573514888385,7.2991364986603156,7.0839561253270205,7.2426798518251605,7.652002272524995,3.109090756017234,2.222604997277991,1.2069459216642213,8.733754699116943,5.291975099787887,3.208304318837182,3.186840991224194,1.5909409145653404,0.744675585641081,0.5918566518028822,0.4253776693189703,0.060740656564312136,0.11206146662865889,5.898920504606314,4.549495358603704,9.336427877079094,7.822959352550814,7.3278319537924625,7.489501574695177,7.4297811454133535,7.698943616692635,7.697739117028477,0.16401000455839448,0.3776410046819013,8.794904050260968,4.639481631552292,6.395145537419505,3.959356059647763,2.130707941337878,1.4680386110026065,0.8309899059624773,0.6967277574506515,0.4834224683948266
16,0.1454099111291054,-1.2193460576434976,0.002331178137215057,1.2620517853446531,16.432518273799875,8.320600266225862,7.564459372443955,7.562268076122809,8.359433528848266,8.05617990326992,6.575484611445335,7.8724106746328415,0.9411290873383809,0.3801941788830659,1.5717877923272332,10.23892237026868,3.6549216992607754,4.7385342990792,2.4988417453904024,1.61619390220961,1.6793470588105446,0.6311040214037109,0.5976092250709049,0.060740656564312136,0.11206146662865889,5.898920504606314,4.549495358603704,9.336427877079094,7.822959352550814,7.3278319537924625,7.489501574695177,7.4297811454133535,7.698943616692635,7.697739117028477,0.16401000455839448,0.3776410046819013,8.794904050260968,4.639481631552292,6.395145537419505,3.959356059647763,2.130707941337878,1.4680386110026065,0.8309899059624773,0.6967277574506515,0.4834224683948266
17,0.1454099111291054,10.133237021246426,35.755458171904095,3.162593224085144,3.355158019954731,9.285039058636054,11.160240294490158,6.807894737765313,7.7961964055922515,7.033752966847416,7.008566225768585,7.337477176696851,19.616515421158454,46.30109390869406,3.911188671321619,3.9661567526430757,6.680763812269301,5.787770940113119,1.9750157006652158,1.4532009120014675,1.059596988027143,0.9465847653860816,0.4748129133527643,0.060740656564312136,0.11206146662865889,5.898920504606314,4.549495358603704,9.336427877079094,7.822959352550814,7.3278319537924625,7.489501574695177,7.4297811454133535,7.698943616692635,7.697739117028477,0.16401000455839448,0.3776410046819013,8.794904050260968,4.639481631552292,6.395145537419505,3.959356059647763,2.130707941337878,1.4680386110026065,0.8309899059624773,0.6967277574506515,0.4834224683948266
18,0.1454099111291054,2.165519531889211,13.782343780185213,-0.11286740778756459,5.624193269338304,9.705602685512218,5.407172979136686,6.7360415684562005,6.732596146642019,7.5430906953507,7.421221662423702,7.228630560002156,4.131202748686371,20.374387621551854,0.38335445339862834,3.4901027362132693,4.847207902245529,2.0821314241611395,2.091073794554944,1.624196242907405,0.957122789536485,0.7554598877250772,0.5132445439956989,0.060740656564312136,0.11206146662865889,5.898920504606314,4.549495358603704,9.336427877079094,7.822959352550814,7.3278319537924625,7.489501574695177,7.4297811454133535,7.698943616692635,7.697739117028477,0.16401000455839448,0.3776410046819013,8.794904050260968,4.639481631552292,6.395145537419505,3.959356059647763,2.130707941337878,1.4680386110026065,0.8309899059624773,0.6967277574506515,0.4834224683948266
19,0.1454099111291054,5.000726567472525,22.269789622265655,10.906496416697026,7.587568939927558,6.4801766344365275,9.40671932654992,7.65684667254555,6.382315390768541,7.03463331237593,7.6388654725561755,7.542459125791361,8.367478109883361,34.80193656287978,14.639602802099175,10.159961273771765,2.7269554598288788,4.336052203012169,2.8752514024287277,1.3400465485863897,1.0095598172342781,0.9659077657859596,0.5575467331461432,0.060740656564312136,0.11206146662865889,5.898920504606314,4.549495358603704,9.336427877079094,7.822959352550814,7.3278319537924625,7.489501574695177,7.4297811454133535,7.698943616692635,7.697739117028477,0.16401000455839448,0.3776410046819013,8.794904050260968,4.639481631552292,6.395145537419505,3.959356059647763,2.130707941337878,1.4680386110026065,0.8309899059624773,0.6967277574506515,0.4834224683948266
20,0.1454099111291054,2.763125458222571,12.253526867005814,,12.139005839267998,,,,,,,,5.090101541943543,13.886274489217636,,10.671299621262413,,,,,,,,0.060740656564312136,0.11206146662865889,5.898920504606314,4.549495358603704,9.336427877079094,7.822959352550814,7.3278319537924625,7.489501574695177,7.4297811454133535,7.698943616692635,7.697739117028477,0.16401000455839448,0.3776410046819013,8.794904050260968,4.639481631552292,6.395145537419505,3.959356059647763,2.130707941337878,1.4680386110026065,0.8309899059624773,0.6967277574506515,0.4834224683948266
21,0.1454099111291054,-1.4844430689594958,4.215149626643958,1.1791870756990752,3.0510855903556124,13.519519933388562,5.868816317989715,7.533276129011548,7.269477515974335,7.7529458090026475,7.276188512188098,7.698274844393499,1.4446837698143207,5.78682227576008,2.1255302721533953,1.907259830591466,7.444314032130065,2.168674295622375,2.9954785097797956,2.23521286067964,1.270651246389418,0.7466446365585608,0.5234674206499658,0.060740656564312136,0.11206146662865889,5.898920504606314,4.549495358603704,9.336427877079094,7.822959352550814,7.3278319537924625,7.489501574695177,7.4297811454133535,7.698943616692635,7.697739117028477,0.16401000455839448,0.3776410046819013,8.794904050260968,4.639481631552292,6.395145537419505,3.959356059647763,2.130707941337878,1.4680386110026065,0.8309899059624773,0.6967277574506515,0.4834224683948266
22,0.1454099111291054,16.152621419211453,7.779516589785157,2.3557563848287635,11.033136935693372,5.917075028358089,7.296416817430062,7.595350159988806,7.9085282286183824,7.580019374542271,7.033436681416426,7.447123873959254,16.69966042579802,10.335415065461097,1.8742997498963934,7.165271253647454,2.612864774105497,2.836755800064001,2.104459937911793,1.3610069761125103,1.0579883052050625,0.5268743914081825,0.3908629389397125,0.060740656564312136,0.11206146662865889,5.898920504606314,4.549495358603704,9.336427877079094,7.822959352550814,7.3278319537924625,7.489501574695177,7.4297811454133535,7.698943616692635,7.697739117028477,0.16401000455839448,0.3776410046819013,8.794904050260968,4.639481631552292,6.395145537419505,3.959356059647763,2.130707941337878,1.4680386110026065,0.8309899059624773,0.6967277574506515,0.4834224683948266
23,0.1454099111291054,0.32373940024309716,3.9462602274522207,14.84616036750231,9.13325586153499,4.992002413724857,5.872336690309845,7.236976357340912,8.275311426378567,7.342103109531604,7.427079089568081,7.560342231677145,0.8951647076555629,4.204458013846373,18.381114031633295,6.671294608487709,4.191898333842828,2.1314155263515815,2.1101675126575916,1.6221856872573905,0.8221873615560477,0.7498044501904588,0.498285645606338,0.060740656564312136,0.11206146662865889,5.898920504606314,4.549495358603704,9.336427877079094,7.822959352550814,7.3278319537924625,7.489501574695177,7.4297811454133535,7.698943616692635,7.697739117028477,0.16401000455839448,0.3776410046819013,8.794904050260968,4.639481631552292,6.395145537419505,3.959356059647763,2.130707941337878,1.4680386110026065,0.8309899059624773,0.6967277574506515,0.4834224683948266
24,0.1454099111291054,8.905366413244098,11.361296388137259,2.969893891049599,2.1985749339983776,3.5405892554861347,9.504330164095935,9.361473122447551,8.025110940165707,7.330203416836088,7.679479299231062,7.647520141453113,14.399588090476014,15.45818367112226,2.9964743857881087,2.6683211698773723,2.2971140567108033,5.104059682282306,2.963272488458954,2.2668829681082645,1.0109771891608006,0.8916637210973333,0.5970991210800838,0.060740656564312136,0.11206146662865889,5.898920504606314,4.549495358603704,9.336427877079094,7.822959352550814,7.3278319537924625,7.489501574695177,7.4297811454133535,7.698943616692635,7.697739117028477,0.16401000455839448,0.3776410046819013,8.794904050260968,4.639481631552292,6.395145537419505,3.959356059647763,2.130707941337878,1.4680386110026065,0.8309899059624773,0.6967277574506515,0.4834224683948266
25,0.1454099111291054,,,,,,,,,,,,,,,,,,,,,,,0.060740656564312136,0.11206146662865889,5.898920504606314,4.549495358603704,9.336427877079094,7.822959352550814,7.3278319537924625,7.489501574695177,7.4297811454133535,7.698943616692635,7.697739117028477,0.16401000455839448,0.3776410046819013,8.794904050260968,4.639481631552292,6.395145537419505,3.959356059647763,2.130707941337878,1.4680386110026065,0.8309899059624773,0.6967277574506515,0.4834224683948266
26,0.1454099111291054,11.867183473794821,3.2602449433899356,6.904805771290795,15.67165631067278,5.6297217217497435,9.649135199668617,5.8347889996855375,8.897063443385045,6.93631128301405,7.640496819102373,7.422738166206028,14.527239654106774,3.4841184661571414,7.253602829866612,11.068402857261832,3.2765292861412623,4.800703869775487,2.1393440629008493,1.438836177755662,0.8926172227097215,0.4936180974805126,0.47723306994023723,0.060740656564312136,0.11206146662865889,5.898920504606314,4.549495358603704,9.336427877079094,7.822959352550814,7.3278319537924625,7.489501574695177,7.4297811454133535,7.698943616692635,7.697739117028477,0.16401000455839448,0.3776410046819013,8.794904050260968,4.639481631552292,6.395145537419505,3.959356059647763,2.130707941337878,1.4680386110026065,0.8309899059624773,0.6967277574506515,0.4834224683948266
27,0.1454099111291054,0.44423095049792366,0.05567700108173592,7.79522231094185,2.5806823899670612,7.357181889884237,7.096688302400943,8.96327121838703,8.733413410150645,7.9362906665195,7.235725038714555,7.83951388965356,0.8008459145112565,0.196000525137682,10.532353429500073,1.556741557994012,4.442785661642298,2.6659266832146744,2.4910823918784297,1.4199245603076018,0.7976920299798356,0.6775142393748674,0.4577180736719709,0.060740656564312136,0.11206146662865889,5.898920504606314,4.549495358603704,9.336427877079094,7.822959352550814,7.3278319537924625,7.489501574695177,7.4297811454133535,7.698943616692635,7.697739117028477,0.16401000455839448,0.3776410046819013,8.794904050260968,4.639481631552292,6.395145537419505,3.959356059647763,2.130707941337878,1.4680386110026065,0.8309899059624773,0.6967277574506515,0.4834224683948266
28,0.1454099111291054,14.39619509988318,,,,,,,,,,,22.731154872227854,,,,,,,,,,,0.060740656564312136,0.11206146662865889,5.898920504606314,4.549495358603704,9.336427877079094,7.822959352550814,7.3278319537924625,7.489501574695177,7.4297811454133535,7.698943616692635,7.697739117028477,0.16401000455839448,0.3776410046819013,8.794904050260968,4.639481631552292,6.395145537419505,3.959356059647763,2.130707941337878,1.4680386110026065,0.8309899059624773,0.6967277574506515,0.4834224683948266
29,0.1454099111291054,,,,,,,,,,,,,,,,,,,,,,,0.060740656564312136,0.11206146662865889,5.898920504606314,4.549495358603704,9.336427877079094,7.822959352550814,7.3278319537924625,7.489501574695177,7.4297811454133535,7.698943616692635,7.697739117028477,0.16401000455839448,0.3776410046819013,8.794904050260968,4.639481631552292,6.395145537419505,3.959356059647763,2.130707941337878,1.4680386110026065,0.8309899059624773,0.6967277574506515,0.4834224683948266
30,0.1454099111291054,24.041959829019547,16.368928275515387,3.841662311490687,4.080300890152097,7.538894086450583,6.290490122768104,7.737066395501578,8.144146170952075,7.069508265066279,7.660313389504017,7.569961467070581,22.17950238971468,21.197529158303027,4.52317685839035,2.9523087688649805,3.938675800479524,2.5082202030736216,2.2656700878598253,1.3956587916832708,0.7644052671790033,0.6083911994565893,0.44788223435113345,0.060740656564312136,0.11206146662865889,5.898920504606314,4.549495358603704,9.336427877079094,7.822959352550814,7.3278319537924625,7.489501574695177,7.4297811454133535,7.698943616692635,7.697739117028477,0.16401000455839448,0.3776410046819013,8.794904050260968,4.639481631552292,6.395145537419505,3.959356059647763,2.130707941337878,1.4680386110026065,0.8309899059624773,0.6967277574506515,0.4834224683948266
31,0.1454099111291054,0.4176059179249552,1.850304702201526,13.304112135156457,15.90588404901076,8.422955600949928,7.407495435734835,8.838904878281491,6.738157289746493,8.003961952568096,7.048031869334063,7.895146272286763,2.9126393199392417,2.0511843812953376,18.252295107697993,14.625096528096542,4.7443661703757956,2.9534727947937154,2.4921857738040414,1.0560972891557396,1.533835552815694,0.6067297370647625,0.5143766719895377,0.060740656564312136,0.11206146662865889,5.898920504606314,4.549495358603704,9.336427877079094,7.822959352550814,7.3278319537924625,7.489501574695177,7.4297811454133535,7.698943616692635,7.697739117028477,0.16401000455839448,0.3776410046819013,8.794904050260968,4.639481631552292,6.395145537419505,3.959356059647763,2.130707941337878,1.4680386110026065,0.8309899059624773,0.6967277574506515,0.4834224683948266
32,0.1454099111291054,1.7304132130268193,1.2733612589036163,12.36423509210317,8.464188728079101,8.03037811397682,6.714595809251276,9.028395432589678,7.7924244093133535,7.37678632767375,7.088252227137219,7.885191881896241,2.7771094321072174,2.7955772537572803,18.2912217534545,5.969045177269954,5.015556129796829,4.429517256011726,3.3868236112640395,2.0118054138299954,1.0692178053246453,0.7011509878941841,0.4990163358014946,0.060740656564312136,0.11206146662865889,5.898920504606314,4.549495358603704,9.336427877079094,7.822959352550814,7.3278319537924625,7.489501574695177,7.4297811454133535,7.698943616692635,7.697739117028477,0.16401000455839448,0.3776410046819013,8.794904050260968,4.639481631552292,6.395145537419505,3.959356059647763,2.130707941337878,1.4680386110026065,0.8309899059624773,0.6967277574506515,0.4834224683948266
33,0.1454099111291054,17.392321053573436,26.82153439103011,12.750613493015779,10.436858499456832,8.396297606499651,7.471612784136969,8.247653443351432,8.21228254289255,7.735588162562476,8.174735815813223,7.725946510462273,20.992785721571973,47.773471907007426,19.08231574828944,9.322000549314145,5.973172785413366,2.655278803056873,2.8613301620958924,1.797563646554778,1.144645706146343,0.935244346927614,0.43835963747436224,0.060740656564312136,0.11206146662865889,5.898920504606314,4.549495358603704,9.336427877079094,7.822959352550814,7.3278319537924625,7.489501574695177,7.4297811454133535,7.698943616692635,7.697739117028477,0.16401000455839448,0.3776410046819013,8.794904050260968,4.639481631552292,6.395145537419505,3.959356059647763,2.130707941337878,1.4680386110026065,0.8309899059624773,0.6967277574506515,0.4834224683948266
34,0.1454099111291054,10.29041987274674,22.693316427704538,12.762461933059571,3.794354820975721,5.52618758201331,6.904976843856949,8.653408348829092,7.583409929369714,6.876715283624853,7.461269945202766,7.48161217668209,22.29766878471532,27.80301619465663,11.210797651763322,3.7353380585081077,4.541648096617864,2.8489535018285963,2.177464198044091,1.3625532823084563,1.0655866512817962,0.749686329908483,0.43394292669516593,0.060740656564312136,0.11206146662865889,5.898920504606314,4.549495358603704,9.336427877079094,7.822959352550814,7.3278319537924625,7.489501574695177,7.4297811454133535,7.698943616692635,7.697739117028477,0.16401000455839448,0.3776410046819013,8.794904050260968,4.639481631552292,6.395145537419505,3.959356059647763,2.130707941337878,1.4680386110026065,0.8309899059624773,0.6967277574506515,0.4834224683948266
35,0.1454099111291054,11.28520491022138,8.251696366903328,3.3691681156786117,4.2512230124743455,5.597555541327352,12.453015681395934,7.841394676615266,6.373775661921935,7.178136646918485,7.228419030465939,7.279783421522347,19.065720199185506,9.18765541403951,4.740207351366201,5.115699571412608,4.085256174426769,4.585866055977858,2.3117410264463802,1.829179380157856,1.0919063916591543,0.6155366360432278,0.33395078037809567,0.060740656564312136,0.11206146662865889,5.898920504606314,4.549495358603704,9.336427877079094,7.822959352550814,7.3278319537924625,7.489501574695177,7.4297811454133535,7.698943616692635,7.697739117028477,0.16401000455839448,0.3776410046819013,8.794904050260968,4.639481631552292,6.395145537419505,3.959356059647763,2.130707941337878,1.4680386110026065,0.8309899059624773,0.6967277574506515,0.4834224683948266
36,0.1454099111291054,26.344310545403804,3.22008430038549,9.419521406321062,3.971840374591198,,,,,,,,26.5152712207006,3.890219394105325,11.78878594333836,2.648637229913579,,,,,,,,0.060740656564312136,0.11206146662865889,5.898920504606314,4.549495358603704,9.336427877079094,7.822959352550814,7.3278319537924625,7.489501574695177,7.4297811454133535,7.698943616692635,7.697739117028477,0.16401000455839448,0.3776410046819013,8.794904050260968,4.639481631552292,6.395145537419505,3.959356059647763,2.130707941337878,1.4680386110026065,0.8309899059624773,0.6967277574506515,0.4834224683948266
37,0.1454099111291054,,,,,,,,,,,,,,,,,,,,,,,0.060740656564312136,0.11206146662865889,5.898920504606314,4.549495358603704,9.336427877079094,7.822959352550814,7.3278319537924625,7.489501574695177,7.4297811454133535,7.698943616692635,7.697739117028477,0.16401000455839448,0.3776410046819013,8.794904050260968,4.639481631552292,6.395145537419505,3.959356059647763,2.130707941337878,1.4680386110026065,0.8309899059624773,0.6967277574506515,0.4834224683948266
38,0.1454099111291054,-0.36502464861232087,3.9847877453761327,14.044064768799608,8.240960763885465,8.750683348570341,6.341031167443273,8.722713742081668,6.274166430739936,7.538402728988867,7.62411900673814,7.253801490509486,0.5031948515360861,7.629261670371401,16.466889277688423,7.229451319078232,5.40604693623428,3.132323415385005,3.7308759534225118,1.3405870613733288,0.9723877587176349,0.674720006617491,0.4177365823404293,0.060740656564312136,0.11206146662865889,5.898920504606314,4.549495358603704,9.336427877079094,7.822959352550814,7.3278319537924625,7.489501574695177,7.4297811454133535,7.698943616692635,7.697739117028477,0.16401000455839448,0.3776410046819013,8.794904050260968,4.639481631552292,6.395145537419505,3.959356059647763,2.130707941337878,1.4680386110026065,0.8309899059624773,0.6967277574506515,0.4834224683948266
39,0.1454099111291054,2.0020150555074006,8.968275796546353,11.51818600804263,7.089924714249577,6.572269187238656,5.622173552855437,6.936126784793709,8.48121228204969,7.442383606239765,7.667478943155799,7.121728290988028,3.8311035958165682,12.197308027982121,12.014821624268537,5.340565875087825,4.48968595941334,2.7538600210051687,2.3241684731646517,1.5857747456092346,0.9019475901784301,0.7016821740060115,0.4568054535401071,0.060740656564312136,0.11206146662865889,5.898920504606314,4.549495358603704,9.336427877079094,7.822959352550814,7.3278319537924625,7.489501574695177,7.4297811454133535,7.698943616692635,7.697739117028477,0.16401000455839448,0.3776410046819013,8.794904050260968,4.639481631552292,6.395145537419505,3.959356059647763,2.130707941337878,1.4680386110026065,0.8309899059624773,0.6967277574506515,0.4834224683948266
40,0.1454099111291054,18.77490010816287,15.591933794150712,10.245808089227852,12.565364050708995,7.492808816441005,7.026275013115802,9.057185608671144,9.372332939566837,8.522785329292917,7.222941833963604,7.6861430301196805,36.65751271805405,29.46206565873958,10.38849369007192,11.461695965081097,7.043899000443929,3.346010873354684,2.932754894373875,2.19096924561133,1.364145952598681,0.6629944656122526,0.45293947718691474,0.060740656564312136,0.11206146662865889,5.898920504606314,4.549495358603704,9.336427877079094,7.822959352550814,7.3278319537924625,7.489501574695177,7.4297811454133535,7.698943616692635,7.697739117028477,0.16401000455839448,0.3776410046819013,8.794904050260968,4.639481631552292,6.395145537419505,3.959356059647763,2.130707941337878,1.4680386110026065,0.8309899059624773,0.6967277574506515,0.4834224683948266
41,0.1454099111291054,9.611626199454838,6.531195281951402,13.584035004222175,5.524836932253558,6.7701471987914195,3.724382262530396,5.802058476911127,7.999185885314535,7.285154703688557,7.298252089187312,7.633931895235935,10.798851210486006,6.659439869895194,14.411606663755963,4.736193929237264,4.104296456725748,2.125403065237531,2.506733617299491,1.8336006236480202,1.3662869764648597,0.8650695042603229,0.5391198372752121,0.060740656564312136,0.11206146662865889,5.898920504606314,4.549495358603704,9.336427877079094,7.822959352550814,7.3278319537924625,7.489501574695177,7.4297811454133535,7.698943616692635,7.697739117028477,0.16401000455839448,0.3776410046819013,8.794904050260968,4.639481631552292,6.395145537419505,3.959356059647763,2.130707941337878,1.4680386110026065,0.8309899059624773,0.6967277574506515,0.4834224683948266
42,0.1454099111291054,6.106986396626372,3.5201115499918862,7.454033037880028,6.4080768504137415,9.471652037664636,8.435433233622696,7.348971399182673,6.605075034600171,7.299382449627668,7.570128456501785,7.7206123616815345,8.449091534825117,4.9918535207449635,11.89785219611132,9.765404207418243,6.072944372220119,3.725676272722965,2.215083406219612,1.2066520507116847,1.0160990910102619,0.8678907627426788,0.46275696424669727,0.060740656564312136,0.11206146662865889,5.898920504606314,4.549495358603704,9.336427877079094,7.822959352550814,7.3278319537924625,7.489501574695177,7.4297811454133535,7.698943616692635,7.697739117028477,0.16401000455839448,0.3776410046819013,8.794904050260968,4.639481631552292,6.395145537419505,3.959356059647763,2.130707941337878,1.4680386110026065,0.8309899059624773,0.6967277574506515,0.4834224683948266
43,0.1454099111291054,-0.23578640481588403,11.607602290341436,5.670640316956907,5.578977955368812,5.7569280615190515,3.6689271323578154,7.668281221228428,6.062157379296391,7.22158494465577,7.7905757260431345,7.56559447881852,0.36949383819307197,12.84502529699571,5.593606358882945,4.002878912553133,4.558156066688255,2.0449713187247025,2.3795542068980966,1.5136947817203252,0.9166082743182642,0.8414213805412536,0.4052290290920135,0.060740656564312136,0.11206146662865889,5.898920504606314,4.549495358603704,9.336427877079094,7.822959352550814,7.3278319537924625,7.489501574695177,7.4297811454133535,7.698943616692635,7.697739117028477,0.16401000455839448,0.3776410046819013,8.794904050260968,4.639481631552292,6.395145537419505,3.959356059647763,2.130707941337878,1.4680386110026065,0.8309899059624773,0.6967277574506515,0.4834224683948266
44,0.1454099111291054,,,,,,,,,,,,,,,,,,,,,,,0.060740656564312136,0.11206146662865889,5.898920504606314,4.549495358603704,9.336427877079094,7.822959352550814,7.3278319537924625,7.489501574695177,7.4297811454133535,7.698943616692635,7.697739117028477,0.16401000455839448,0.3776410046819013,8.794904050260968,4.639481631552292,6.395145537419505,3.959356059647763,2.130707941337878,1.4680386110026065,0.8309899059624773,0.6967277574506515,0.4834224683948266
